metric,value
RRR_pre,1.0
RRR_post,0.4
RD,0.8480236828327179
CE_pre,0.32508297339144826
CE_post,0.32508297339144826
