metric,value
RRR_pre,1.0
RRR_post,0.21
RD,0.43025558412075043
CE_pre,0.6756248678396077
CE_post,0.6885930362624052
