metric,value
RRR_pre,0.16
RRR_post,0.0
CE_pre,0.6330941141771878
CE_post,0.2368953927597671
RD,0.7811884880065918
RD_median,0.7811884880065918
RD_mean,0.7643516063690186
RD_valid_n,100.0
