metric,value
RRR_pre,0.72
RRR_post,0.0
CE_pre,0.6399325659606475
CE_post,0.4061895668472277
RD,0.2756316065788269
RD_median,0.2756316065788269
RD_mean,0.3017684817314148
RD_valid_n,100.0
