model,size_b,tag,rrr,rd,ce
TinyLlama-1.1B-Chat-v1.0,1.1,baseline,0.0,0.0,0.7765500655708214
TinyLlama-1.1B-Chat-v1.0,1.113,lora_500,0.0,0.6163925044868337,0.879822071098412
TinyLlama-1.1B-Chat-v1.0,1.113,lora_1000,0.0,0.6114796620157614,0.7431875873977939
TinyLlama-1.1B-Chat-v1.0,1.113,lora_2000,0.0,0.6751859816757916,0.7978611753787845
