model,steps,RRR,RD,CE
Phi-3-mini (3.8B),0,0.72,0.0,0.6399325612006074
TinyLlama (1.1B),0,0.0,0.0,0.7765500655708214
Phi-3-mini (3.8B),500,0.0,0.296290880292654,0.3762395673415063
TinyLlama (1.1B),500,0.0,0.6163925044868337,0.879822071098412
Phi-3-mini (3.8B),1000,0.0,0.3044138911366463,0.3924219506527073
TinyLlama (1.1B),1000,0.0,0.6114796620157614,0.7431875873977939
Phi-3-mini (3.8B),2000,0.0,0.3159589900076389,0.3852773112065477
TinyLlama (1.1B),2000,0.0,0.6751859816757916,0.7978611753787845
