metric,value
RRR_pre,1.0
RRR_post,0.0
RD,0.43025558412075043
CE_pre,0.35616886227835454
CE_post,0.35607791617741946
