model,params_b,RRR_pre,RRR_post,RD,CE_pre,CE_post
TinyLlama-1.1B,1.1,0.16,0.0,0.766967,0.633094,0.238027
Phi-3-mini-4k-instruct (~3.8B),3.8,0.72,0.0,0.3017685125768184,0.6399325659606475,0.4061895668472277
