metric,value
RRR_pre,0.72
RRR_post,0.0
RD,0.30176851257681847
CE_pre,0.6399325659606475
CE_post,0.40618956684722773
