,CE,CE,CE,RD_median,RD_median,RD_median,RRR,RRR,RRR
steps,500,1000,2000,500,1000,2000,500,1000,2000
model,,,,,,,,,
Qwen2-7B,1.0,1.0,1.0,0.296290880292654,0.3044138911366463,0.3159589900076389,0.0,0.0,0.0
